name,education_level
Accounting,Associate's Degree
Advertising,Associate's Degree
Aerospace Engineering,Associate's Degree
Agribusiness,Associate's Degree
Agronomy,Associate's Degree
American History,Associate's Degree
Anthropology,Associate's Degree
Applied Mathematics,Associate's Degree
Architecture,Associate's Degree
Art Education,Associate's Degree
Art History,Associate's Degree
Biochemistry,Associate's Degree
Biology,Associate's Degree
Biomedical Engineering,Associate's Degree
Biotechnology,Associate's Degree
Botany,Associate's Degree
Broadcast Journalism,Associate's Degree
Business Administration,Associate's Degree
Business Analytics,Associate's Degree
Chemical Engineering,Associate's Degree
Chemistry,Associate's Degree
Child Development,Associate's Degree
Civil Engineering,Associate's Degree
Communication Studies,Associate's Degree
Computer Engineering,Associate's Degree
Computer Information Systems,Associate's Degree
Computer Science,Associate's Degree
Construction Management,Associate's Degree
Criminal Justice,Associate's Degree
Criminology,Associate's Degree
Culinary Arts,Associate's Degree
Cybersecurity,Associate's Degree
Data Analytics,Associate's Degree
Data Science,Associate's Degree
Dental Hygiene,Associate's Degree
Design Studies,Associate's Degree
Digital Media,Associate's Degree
Ecology,Associate's Degree
Economics,Associate's Degree
Education Studies,Associate's Degree
Electrical Engineering,Associate's Degree
Engineering Physics,Associate's Degree
English,Associate's Degree
Entrepreneurship,Associate's Degree
Environmental Engineering,Associate's Degree
Environmental Science,Associate's Degree
Environmental Studies,Associate's Degree
Exercise Science,Associate's Degree
Fashion Design,Associate's Degree
Fashion Merchandising,Associate's Degree
Film and Media Studies,Associate's Degree
Finance,Associate's Degree
Fine Arts,Associate's Degree
Food Science,Associate's Degree
Forensic Science,Associate's Degree
Game Design,Associate's Degree
Geology,Associate's Degree
Global Studies,Associate's Degree
Graphic Design,Associate's Degree
Health Sciences,Associate's Degree
History,Associate's Degree
Horticulture,Associate's Degree
Hospitality Management,Associate's Degree
Human Development and Family Studies,Associate's Degree
Human Resources Management,Associate's Degree
Industrial Engineering,Associate's Degree
Information Systems,Associate's Degree
Information Technology,Associate's Degree
Interior Architecture,Associate's Degree
Interior Design,Associate's Degree
International Business,Associate's Degree
Journalism,Associate's Degree
Kinesiology,Associate's Degree
Landscape Architecture,Associate's Degree
Law,Associate's Degree
Logistics and Supply Chain Management,Associate's Degree
Management,Associate's Degree
Management Information Systems,Associate's Degree
Marketing,Associate's Degree
Mass Communication,Associate's Degree
Mathematics,Associate's Degree
Mechanical Engineering,Associate's Degree
Media Studies,Associate's Degree
Medical Laboratory Science,Associate's Degree
Music,Associate's Degree
Music Education,Associate's Degree
Music Performance,Associate's Degree
Nursing,Associate's Degree
Nutrition,Associate's Degree
Pharmacy,Associate's Degree
Philosophy,Associate's Degree
Photography,Associate's Degree
Physical Education,Associate's Degree
Physical Therapy,Associate's Degree
Physics,Associate's Degree
Political Science,Associate's Degree
Product Design,Associate's Degree
Project Management,Associate's Degree
Psychology,Associate's Degree
Public Health,Associate's Degree
Public Relations,Associate's Degree
Radiologic Sciences,Associate's Degree
Real Estate,Associate's Degree
Religious Studies,Associate's Degree
Social Work,Associate's Degree
Sociology,Associate's Degree
Software Engineering,Associate's Degree
Spanish,Associate's Degree
Special Education,Associate's Degree
Speech-Language Pathology,Associate's Degree
Sports Management,Associate's Degree
Sports Medicine,Associate's Degree
Statistics,Associate's Degree
Studio Art,Associate's Degree
Sustainability Studies,Associate's Degree
Teaching English as a Second Language,Associate's Degree
Theatre Arts,Associate's Degree
Theology,Associate's Degree
Urban and Regional Planning,Associate's Degree
Veterinary Medicine,Associate's Degree
Visual Communication Design,Associate's Degree
Web Design and Development,Associate's Degree
"Women’s, Gender, and Sexuality Studies",Associate's Degree
Accounting,Bachelor's Degree
Actuarial Science,Bachelor's Degree
Advertising,Bachelor's Degree
Aerospace Engineering,Bachelor's Degree
African American Studies,Bachelor's Degree
Agribusiness,Bachelor's Degree
Agricultural Engineering,Bachelor's Degree
Agronomy,Bachelor's Degree
American History,Bachelor's Degree
Anthropology,Bachelor's Degree
Applied Mathematics,Bachelor's Degree
Archaeology,Bachelor's Degree
Architecture,Bachelor's Degree
Art Education,Bachelor's Degree
Art History,Bachelor's Degree
Biochemistry,Bachelor's Degree
Bioengineering,Bachelor's Degree
Biology,Bachelor's Degree
Biomedical Engineering,Bachelor's Degree
Biotechnology,Bachelor's Degree
Botany,Bachelor's Degree
Broadcast Journalism,Bachelor's Degree
Business Administration,Bachelor's Degree
Business Analytics,Bachelor's Degree
Chemical Engineering,Bachelor's Degree
Chemistry,Bachelor's Degree
Child Development,Bachelor's Degree
Chinese Studies,Bachelor's Degree
Civil Engineering,Bachelor's Degree
Classical Studies,Bachelor's Degree
Cognitive Science,Bachelor's Degree
Communication Studies,Bachelor's Degree
Comparative Literature,Bachelor's Degree
Computer Engineering,Bachelor's Degree
Computer Information Systems,Bachelor's Degree
Computer Science,Bachelor's Degree
Construction Management,Bachelor's Degree
Criminal Justice,Bachelor's Degree
Criminology,Bachelor's Degree
Culinary Arts,Bachelor's Degree
Cybersecurity,Bachelor's Degree
Dance,Bachelor's Degree
Data Analytics,Bachelor's Degree
Data Science,Bachelor's Degree
Design Studies,Bachelor's Degree
Digital Media,Bachelor's Degree
Earth Science,Bachelor's Degree
Ecology,Bachelor's Degree
Economics,Bachelor's Degree
Education Studies,Bachelor's Degree
Electrical Engineering,Bachelor's Degree
Elementary Education,Bachelor's Degree
Engineering Physics,Bachelor's Degree
English,Bachelor's Degree
Entrepreneurship,Bachelor's Degree
Environmental Engineering,Bachelor's Degree
Environmental Science,Bachelor's Degree
Environmental Studies,Bachelor's Degree
Ethnic Studies,Bachelor's Degree
Exercise Science,Bachelor's Degree
Fashion Design,Bachelor's Degree
Fashion Merchandising,Bachelor's Degree
Film and Media Studies,Bachelor's Degree
Finance,Bachelor's Degree
Fine Arts,Bachelor's Degree
Food Science,Bachelor's Degree
Forensic Science,Bachelor's Degree
French Language and Literature,Bachelor's Degree
Game Design,Bachelor's Degree
Game Development,Bachelor's Degree
Genetics,Bachelor's Degree
Geography,Bachelor's Degree
Geology,Bachelor's Degree
Global Studies,Bachelor's Degree
Graphic Design,Bachelor's Degree
Health Sciences,Bachelor's Degree
History,Bachelor's Degree
Hospitality Management,Bachelor's Degree
Human Development and Family Studies,Bachelor's Degree
Human Resources Management,Bachelor's Degree
Industrial Design,Bachelor's Degree
Industrial Engineering,Bachelor's Degree
Information Science,Bachelor's Degree
Information Systems,Bachelor's Degree
Information Technology,Bachelor's Degree
Interior Architecture,Bachelor's Degree
Interior Design,Bachelor's Degree
International Business,Bachelor's Degree
International Relations,Bachelor's Degree
Italian Studies,Bachelor's Degree
Japanese Studies,Bachelor's Degree
Journalism,Bachelor's Degree
Kinesiology,Bachelor's Degree
Landscape Architecture,Bachelor's Degree
Latin American Studies,Bachelor's Degree
Law,Bachelor's Degree
Linguistics,Bachelor's Degree
Logistics and Supply Chain Management,Bachelor's Degree
Management,Bachelor's Degree
Management Information Systems,Bachelor's Degree
Marine Biology,Bachelor's Degree
Marketing,Bachelor's Degree
Mass Communication,Bachelor's Degree
Materials Science,Bachelor's Degree
Mathematics,Bachelor's Degree
Mechanical Engineering,Bachelor's Degree
Media Studies,Bachelor's Degree
Medical Laboratory Science,Bachelor's Degree
Microbiology,Bachelor's Degree
Middle Eastern Studies,Bachelor's Degree
Molecular Biology,Bachelor's Degree
Music,Bachelor's Degree
Music Education,Bachelor's Degree
Music Performance,Bachelor's Degree
Neuroscience,Bachelor's Degree
Nursing,Bachelor's Degree
Nutrition,Bachelor's Degree
Operations Management,Bachelor's Degree
Petroleum Engineering,Bachelor's Degree
Pharmacy,Bachelor's Degree
Philosophy,Bachelor's Degree
Photography,Bachelor's Degree
Physical Education,Bachelor's Degree
Physical Therapy,Bachelor's Degree
Physics,Bachelor's Degree
Physiology,Bachelor's Degree
Political Science,Bachelor's Degree
Product Design,Bachelor's Degree
Project Management,Bachelor's Degree
Psychology,Bachelor's Degree
Public Health,Bachelor's Degree
Public Policy,Bachelor's Degree
Public Relations,Bachelor's Degree
Radiologic Sciences,Bachelor's Degree
Real Estate,Bachelor's Degree
Recreation and Leisure Studies,Bachelor's Degree
Religious Studies,Bachelor's Degree
Social Work,Bachelor's Degree
Sociology,Bachelor's Degree
Software Engineering,Bachelor's Degree
Spanish,Bachelor's Degree
Special Education,Bachelor's Degree
Speech-Language Pathology,Bachelor's Degree
Sports Management,Bachelor's Degree
Statistics,Bachelor's Degree
Studio Art,Bachelor's Degree
Systems Engineering,Bachelor's Degree
Teaching English as a Second Language,Bachelor's Degree
Theatre Arts,Bachelor's Degree
Theology,Bachelor's Degree
Tourism and Hospitality,Bachelor's Degree
Urban and Regional Planning,Bachelor's Degree
Veterinary Medicine,Bachelor's Degree
Visual Communication Design,Bachelor's Degree
Web Design and Development,Bachelor's Degree
"Women’s, Gender, and Sexuality Studies",Bachelor's Degree
Zoology,Bachelor's Degree
Accounting,Doctorate
Anthropology,Doctorate
Biomedical Engineering,Doctorate
Chemistry,Doctorate
Education Studies,Doctorate
History,Doctorate
Japanese Studies,Doctorate
Law,Doctorate
Linguistics,Doctorate
Management,Doctorate
Medicine,Doctorate
Molecular Biology,Doctorate
Music,Doctorate
Nursing,Doctorate
Pharmacy,Doctorate
Physical Therapy,Doctorate
Political Science,Doctorate
Psychology,Doctorate
Public Health,Doctorate
Public Policy,Doctorate
Sociology,Doctorate
Veterinary Medicine,Doctorate
Zoology,Doctorate
Accounting,Master's Degree
Actuarial Science,Master's Degree
Advertising,Master's Degree
Agricultural Economics,Master's Degree
Agricultural Engineering,Master's Degree
American History,Master's Degree
Anthropology,Master's Degree
Applied Mathematics,Master's Degree
Architecture,Master's Degree
Bioengineering,Master's Degree
Biology,Master's Degree
Biomedical Engineering,Master's Degree
Biotechnology,Master's Degree
Business Administration,Master's Degree
Business Analytics,Master's Degree
Chemical Engineering,Master's Degree
Chemistry,Master's Degree
Child Development,Master's Degree
Communication Studies,Master's Degree
Comparative Literature,Master's Degree
Computer Engineering,Master's Degree
Computer Information Systems,Master's Degree
Computer Science,Master's Degree
Construction Management,Master's Degree
Criminal Justice,Master's Degree
Cybersecurity,Master's Degree
Data Analytics,Master's Degree
Data Science,Master's Degree
Design Studies,Master's Degree
Digital Media,Master's Degree
Earth Science,Master's Degree
Economics,Master's Degree
Education Studies,Master's Degree
Electrical Engineering,Master's Degree
English,Master's Degree
Entrepreneurship,Master's Degree
Environmental Studies,Master's Degree
Ethnic Studies,Master's Degree
Exercise Science,Master's Degree
Fashion Design,Master's Degree
Film and Media Studies,Master's Degree
Finance,Master's Degree
Fine Arts,Master's Degree
Forensic Science,Master's Degree
Game Design,Master's Degree
Global Health,Master's Degree
Global Studies,Master's Degree
Graphic Design,Master's Degree
Health Sciences,Master's Degree
History,Master's Degree
Hospitality Management,Master's Degree
Human Resources Management,Master's Degree
Industrial Design,Master's Degree
Industrial Engineering,Master's Degree
Information Science,Master's Degree
Information Systems,Master's Degree
Information Technology,Master's Degree
International Business,Master's Degree
International Relations,Master's Degree
Japanese Studies,Master's Degree
Journalism,Master's Degree
Kinesiology,Master's Degree
Latin American Studies,Master's Degree
Law,Master's Degree
Library Science,Master's Degree
Linguistics,Master's Degree
Logistics and Supply Chain Management,Master's Degree
Management,Master's Degree
Management Information Systems,Master's Degree
Marketing,Master's Degree
Mathematics,Master's Degree
Mechanical Engineering,Master's Degree
Media Studies,Master's Degree
Medical Laboratory Science,Master's Degree
Microbiology,Master's Degree
Molecular Biology,Master's Degree
Music,Master's Degree
Music Education,Master's Degree
Nuclear Engineering,Master's Degree
Nursing,Master's Degree
Nutrition,Master's Degree
Operations Management,Master's Degree
Peace and Conflict Studies,Master's Degree
Philosophy,Master's Degree
Photography,Master's Degree
Physical Education,Master's Degree
Physics,Master's Degree
Political Science,Master's Degree
Project Management,Master's Degree
Psychology,Master's Degree
Public Health,Master's Degree
Public Policy,Master's Degree
Public Relations,Master's Degree
Real Estate,Master's Degree
Recreation and Leisure Studies,Master's Degree
Religious Studies,Master's Degree
Social Work,Master's Degree
Sociology,Master's Degree
Software Engineering,Master's Degree
Special Education,Master's Degree
Sports Management,Master's Degree
Statistics,Master's Degree
Studio Art,Master's Degree
Sustainability Studies,Master's Degree
Systems Engineering,Master's Degree
Teaching English as a Second Language,Master's Degree
Theatre Arts,Master's Degree
Theology,Master's Degree
Urban and Regional Planning,Master's Degree
